ID,RecipeID,Weight,HopID,StepID,HopTypeID
4,9,17.5,19,2,1
5,1,27.5,19,3,1
6,1,17.5,83,2,1
7,1,17.5,83,3,1
8,1,17.5,44,3,1
9,2,20,19,1,1
10,2,20,19,2,1
11,2,27.5,19,3,1
12,2,47.5,19,4,1
13,2,12.5,2,1,1
14,2,12.5,2,2,1
15,2,12.5,2,3,1
16,2,37.5,2,4,1
17,2,12.5,59,3,1
18,2,37.5,59,4,1
19,2,12.5,45,3,1
20,2,20,45,4,1
21,2,37.5,13,4,1
22,2,10,3,4,1
23,3,25,3,1,1
24,3,12.5,3,2,1
25,3,50,3,3,1
26,3,12.5,10,3,1
27,4,14.3,21,1,1
28,4,21.4,21,3,1
29,4,14.3,82,1,1
30,4,21.4,82,3,1
31,4,21.4,13,3,1
32,5,12.5,13,1,1
33,5,25,13,3,1
34,5,25,19,3,1
35,5,12.5,44,3,1
36,5,12.5,57,1,1
37,6,75,21,1,1
38,6,25,21,2,1
39,6,25,57,3,1
40,6,25,31,3,1
43,9,25,3,1,1
44,9,20,59,3,1
45,9,25,3,3,1
46,9,20,83,3,1
47,9,50,59,4,1
48,9,50,3,4,1
50,9,20,84,3,1
52,1,17.5,2,1,1
53,1,15,19,1,1
55,8,75,21,1,1
56,8,25,21,2,1
57,8,25,57,3,1
58,8,25,31,3,1
59,10,2,45,1,1
60,10,5,45,3,1
61,10,2.5,3,3,1
62,12,15.5,85,1,1
63,12,10.2,85,1,1
64,12,6.1,44,2,1
65,12,12.5,85,3,1
66,12,25,44,3,1
67,12,12.5,3,3,1
68,13,15,2,1,1
69,13,17.5,19,1,1
70,13,17.5,83,2,1
71,13,17.5,19,2,1
72,13,17.5,2,3,1
73,13,27.5,19,3,1
74,13,17.5,83,3,1
75,13,17.5,44,3,1
76,14,12.5,57,1,1
77,14,12.5,13,1,1
78,14,25,13,3,1
79,14,25,19,3,1
80,14,12.5,44,3,1
81,15,13.8,3,1,1
82,15,13.8,59,1,1
83,15,26.3,3,3,1
84,15,18.8,44,3,1
85,16,30,3,1,1
86,16,10,3,3,1
87,16,10,12,3,1
88,17,66.7,39,3,1
89,49,18.5,31,1,1
90,49,12.5,66,1,1
91,49,6.5,35,1,1
92,48,5,39,1,1
93,48,25,31,2,1
94,48,25,31,3,1
95,48,25,60,3,1
96,47,75,31,1,1
97,47,74,33,1,1
98,47,62.5,33,3,1
99,46,30,21,1,1
100,46,40,21,2,1
101,46,40,17,2,1
102,46,40,59,2,1
103,46,40,21,3,1
104,46,40,17,3,1
105,46,40,59,3,1
106,46,60,21,4,1
107,46,70,17,4,1
108,46,70,59,4,1
109,45,18.8,19,1,1
110,45,18.8,17,1,1
111,45,12.5,19,2,1
112,45,12.5,17,2,1
113,45,62.5,19,3,1
114,45,62.5,17,3,1
115,45,62.5,2,3,1
116,45,17.5,19,4,1
117,45,175,17,4,1
118,45,150,2,4,1
119,44,25,12,1,1
120,44,25,12,2,1
121,44,25,12,3,1
122,43,50,21,1,1
123,43,50,17,1,1
124,43,12.5,21,2,1
125,43,12.5,17,2,1
126,43,37.5,21,0,1
127,44,37.5,17,3,1
128,44,37.5,59,3,1
129,42,25,57,1,1
130,42,31.3,31,1,1
131,40,25,13,1,1
132,40,18.8,13,3,1
133,40,18.8,17,3,1
134,40,25,3,3,1
135,40,31.5,59,3,1
136,39,15,45,1,1
137,39,10,3,3,1
138,39,30,45,3,1
139,38,30.8,21,1,1
140,38,19.2,21,1,1
141,38,19.2,21,2,1
142,38,19.2,17,2,1
143,38,19.2,59,2,1
144,38,19.2,21,3,1
145,38,19.2,17,3,1
146,38,19.2,59,3,1
147,38,115.4,17,4,1
148,38,96.2,21,4,1
149,38,96.2,59,4,1
150,38,76.9,3,4,1
151,37,30.8,21,1,1
152,37,19.2,21,1,1
153,37,19.2,21,2,1
154,37,19.2,17,2,1
155,37,19.2,59,2,1
156,37,19.2,21,3,1
157,37,19.2,17,3,1
158,37,19.2,59,3,1
159,37,115.4,17,4,1
160,37,96.2,21,4,1
161,37,96.2,59,4,1
162,37,76.9,3,4,1
163,36,31.1,21,1,1
164,36,12.5,21,2,1
165,36,12.5,59,2,1
166,36,12.5,19,2,1
167,36,25,21,3,1
168,36,25,59,3,1
169,36,25,19,3,1
170,36,87.5,21,4,1
171,36,87.5,59,4,1
172,36,75,19,4,1
173,35,43.8,13,1,1
174,35,81.3,13,3,1
175,35,250,13,4,1
176,34,5,59,1,1
177,34,6.3,3,1,1
178,34,2.5,59,2,1
179,34,5,3,2,1
180,34,5,44,2,1
181,34,12.5,59,3,1
182,34,12.5,3,3,1
183,34,12.5,44,3,1
184,34,12.5,59,4,1
185,34,12.5,3,4,1
186,34,12.5,44,4,1
187,33,6.3,3,1,1
188,33,5,59,1,1
189,33,6.3,17,1,1
190,33,6.3,3,2,1
191,33,2.5,59,2,1
192,33,6.3,17,2,1
193,33,5,3,3,1
194,33,5,59,3,1
195,33,12.5,13,3,1
196,33,12.5,2,3,1
197,33,50,17,4,1
198,33,50,13,4,1
199,33,25,2,4,1
200,33,25,59,4,1
201,33,37.5,21,4,1
202,32,12.5,39,1,1
203,32,31.3,86,1,1
204,32,12.5,39,2,1
205,32,12.5,86,3,1
206,32,25,17,3,1
207,32,25,3,3,1
208,31,17.5,2,1,1
209,31,15,19,1,1
210,31,17.5,83,2,1
211,31,17.5,19,2,1
212,31,17.5,2,3,1
213,31,27.5,19,3,1
214,31,17.5,83,3,1
215,31,17.5,44,3,1
216,31,30,19,4,1
217,30,37.5,19,1,1
218,30,37.5,82,1,1
219,30,37.5,19,2,1
220,30,37.5,82,2,1
221,30,25,82,3,1
222,30,25,31,3,1
223,30,25,19,3,1
224,29,37.5,19,1,1
225,29,37.5,82,1,1
226,29,37.5,19,2,1
227,29,37.5,82,2,1
228,29,25,82,3,1
229,29,25,31,3,1
230,29,25,19,3,1
231,28,37.5,19,1,1
232,28,37.5,82,1,1
233,28,37.5,19,2,1
234,28,37.5,82,2,1
235,28,25,82,3,1
236,28,25,31,3,1
237,28,25,19,3,1
238,27,2.5,13,1,1
239,27,2.5,3,1,1
240,27,2.5,45,2,1
241,27,12.5,3,3,1
242,27,12.5,45,3,1
243,27,25,59,4,1
244,27,50,13,4,1
245,27,25,2,4,1
246,27,12.5,45,4,1
247,27,50,17,4,1
248,27,25,3,4,1
249,26,75,17,1,1
250,26,25,17,2,1
251,26,25,21,2,1
252,26,18.8,17,3,1
253,26,18.8,21,3,1
254,26,18.8,82,3,1
255,26,18.8,59,3,1
256,25,146,31,1,1
257,25,47,24,2,1
258,25,46,33,2,1
259,25,62.5,10,3,1
260,25,104,24,4,1
261,24,37.5,36,1,1
262,24,25,36,2,1
263,24,37.5,78,2,1
264,24,25,57,3,1
265,23,100,45,1,1
266,23,100,45,3,1
267,22,25,19,1,1
268,22,25,82,1,1
269,22,25,82,3,1
270,22,25,31,3,1
271,21,31,21,1,1
272,21,19.5,21,1,1
273,21,19.5,21,2,1
274,21,19.5,17,2,1
275,21,19.5,59,2,1
276,21,19.5,21,3,1
277,21,19.5,17,3,1
278,21,19.5,59,3,1
279,21,115.5,17,4,1
280,21,96,21,4,1
281,21,96,59,4,1
282,21,77,3,4,1
283,20,12.5,45,1,1
284,20,25,45,2,1
285,20,50,45,3,1
286,19,18.75,31,1,1
287,19,25,31,3,1
288,19,16.25,60,3,1
289,18,27.2,13,1,1
290,18,27.2,13,3,1
292,50,125,33,1,1
293,50,37.5,33,3,1
294,51,37.5,21,1,1
295,51,37.5,21,2,1
296,51,18.5,31,2,1
297,51,12.5,44,2,1
298,51,18.5,31,3,1
299,51,12.5,87,2,1
300,51,12.5,44,3,1
301,51,12.5,87,3,1
302,52,50,31,1,1
303,52,50,31,3,1
304,53,25,21,1,1
305,53,25,17,1,1
306,53,12.5,21,3,1
307,53,12.5,17,3,1
308,53,25,45,3,1
309,53,37.5,10,3,1
310,53,71.5,45,4,1
311,53,71.5,10,4,1
312,53,71.5,59,4,1
313,54,60,10,1,1
314,54,50,10,3,1
315,55,2.5,20,1,1
316,55,10,20,2,1
317,55,37.5,20,3,1
318,56,37.5,45,1,1
319,56,50,45,3,1
320,57,14.5,60,1,1
321,57,20,60,3,1
322,58,60,57,1,1
323,58,60,57,2,1
324,58,60,57,3,1
325,59,8.5,20,1,1
326,59,62.5,20,3,1
327,59,31.5,20,4,1
328,60,12.5,21,1,1
329,60,12.5,87,3,1
330,61,25,3,1,1
331,61,25,19,3,1
332,61,25,17,3,1
333,61,25,21,3,1
334,61,25,19,4,1
335,61,25,13,3,1
336,61,25,13,4,1
337,61,25,17,4,1
338,61,25,3,4,1
339,62,31.25,2,1,1
340,62,31.25,2,3,1
341,63,40,19,1,1
342,63,62.5,19,3,1
343,63,62.5,17,3,1
344,63,178,19,4,1
345,64,81.25,19,1,1
346,64,62.5,60,3,1
347,65,20,19,1,1
348,65,12.5,2,1,1
349,65,20,19,2,1
350,65,12.5,2,2,1
351,65,30,19,3,1
352,65,12.5,2,3,1
353,65,12.5,59,3,1
354,65,140,45,3,1
355,66,37.5,82,1,1
356,66,50,66,3,1
357,66,25,31,3,1
358,67,37.5,82,1,1
359,67,50,66,3,1
360,67,25,31,3,1
361,68,62.5,10,1,1
362,68,50,31,3,1
363,68,50,10,3,1
364,69,12.5,39,1,1
365,69,12.5,82,1,1
366,69,12.5,86,1,1
367,69,6.25,39,2,1
368,69,6.25,82,2,1
369,69,25,13,3,1
370,69,25,82,3,1
371,70,35,31,1,1
372,71,81.25,31,1,1
373,71,62.5,31,3,1
374,72,37.5,59,1,1
375,72,25,18,3,1
376,73,25,3,1,1
377,73,25,21,1,1
378,73,62.5,19,3,1
379,73,62.5,13,3,1
380,73,62.5,21,3,1
381,73,62.5,17,3,1
382,73,125,17,4,1
383,73,62.5,13,4,1
384,73,62.5,3,4,1
385,73,62.5,19,4,1
386,74,125,57,1,1
387,74,37.5,57,3,1
388,75,2.5,59,1,1
389,75,25,59,2,1
390,75,37.5,59,3,1
391,75,250,59,4,1
392,76,31.25,21,1,1
393,76,25,21,3,1
394,76,25,66,3,1
395,76,25,82,3,1
396,76,75,21,4,1
397,76,75,82,4,1
398,76,100,59,4,1
399,77,12.5,21,1,1
400,77,37.5,17,3,1
401,77,37.5,13,3,1
402,77,37.5,59,3,1
403,78,35.5,44,3,1
404,78,50,88,1,1
405,78,21.5,73,3,1
406,78,7,45,3,1
407,79,85,18,1,1
408,79,100,18,3,1
409,79,250,18,4,1
410,80,75.4,34,1,1
411,80,75.4,34,3,1
412,80,205,34,4,1
413,82,75,44,1,1
414,82,100,44,3,1
415,82,250,44,3,1
416,81,40,89,1,1
417,81,100,89,3,1
418,81,250,89,4,1
419,83,5,59,1,1
420,83,5,20,1,1
421,83,5,59,2,1
422,83,5,20,2,1
423,83,50,59,4,1
424,83,75,20,4,1
425,83,62.5,43,4,1
426,84,18.75,59,1,1
427,84,18.75,59,2,1
428,84,37.5,59,3,1
429,84,175,59,4,1
430,84,37.5,13,4,1
431,84,37.5,43,4,1
432,85,6.25,45,1,1
433,85,12.5,17,1,1
434,85,12.5,45,3,1
435,85,12.5,3,3,1
436,85,12.5,17,3,1
437,85,12.5,45,4,1
438,85,12.5,3,4,1
439,85,12.5,17,4,1
440,86,50,19,1,1
441,86,25,13,1,1
442,86,25,33,2,1
443,86,25,33,3,1
444,87,10,3,1,1
445,87,15,59,1,1
446,87,25,3,3,1
447,87,20,20,3,1
448,88,25,17,1,1
449,88,30,21,1,1
450,88,18.75,17,2,1
451,88,18.75,21,2,1
452,88,50,17,3,1
453,88,25,21,3,1
454,88,100,3,4,1
455,88,100,20,4,1
456,88,100,59,4,1
457,89,37.5,44,1,1
458,89,18.75,44,3,1
459,90,125,31,1,1
460,90,62.5,18,3,1
461,90,125,3,3,1
462,91,12.5,39,1,1
463,91,31.25,90,1,1
464,91,12.5,39,2,1
465,91,12.5,90,3,1
466,91,25,17,3,1
467,91,25,3,3,1
468,91,25,17,4,1
469,91,25,3,4,1
470,91,37.5,90,4,1
471,92,50,44,1,1
472,92,31.25,44,3,1
473,92,250,44,4,1
474,94,37.5,21,1,1
475,94,50,21,2,1
476,94,62.5,57,3,1
477,94,37.5,21,3,1
478,95,25,21,1,1
479,95,25,17,1,1
480,95,12.5,21,3,1
481,95,12.5,17,3,1
482,95,25,45,3,1
483,95,37.5,10,3,1
484,95,71.43,21,4,1
485,95,71.43,17,4,1
486,95,71.43,45,4,1
487,96,50,19,1,1
488,96,62.5,3,2,1
489,96,62.5,19,3,1
490,96,107.14,3,4,1
491,96,142.86,19,4,1
492,97,2.5,59,1,1
493,97,25,59,2,1
494,97,37.5,59,3,1
495,97,187.5,59,4,1
496,98,62.5,39,1,1
497,98,3125,66,3,1
498,98,31.25,31,3,1
499,103,12.5,17,1,1
500,103,6.25,59,2,1
501,103,7.5,13,2,1
502,103,7.5,3,2,1
503,103,6.25,59,3,1
504,103,7.5,13,3,1
505,103,7.5,3,3,1
506,103,25,59,4,1
507,103,25,13,4,1
508,103,25,17,4,1
509,103,25,3,4,1
510,115,2.5,92,1,1
511,115,2.5,3,2,1
512,115,2.5,45,2,1
513,115,2.5,44,2,1
514,115,6,59,3,1
515,115,6,20,3,1
516,115,6,92,3,1
517,124,8.5,39,1,1
518,129,18.5,31,1,1
519,129,12.5,66,1,1
520,129,6,36,1,1
521,130,5,17,1,1
522,130,5,3,1,1
523,130,10,17,2,1
524,130,10,3,2,1
525,130,17.5,17,3,1
526,130,17.5,3,3,1
527,131,5,17,1,1
528,131,5,3,1,1
529,131,10,17,2,1
530,131,10,3,2,1
531,131,17.5,17,3,1
532,131,17.5,3,3,1
533,132,5,17,1,1
534,132,5,3,1,1
535,132,10,17,2,1
536,132,10,3,2,1
537,132,17.5,17,3,1
538,132,17.5,3,3,1
539,135,12.5,91,1,1
540,135,12.5,10,2,1
541,135,12.5,18,2,1
542,136,2.5,17,1,1
543,136,2.5,3,1,1
544,136,12.5,17,2,1
545,136,12.5,3,2,1
546,136,25,17,3,1
547,136,150,3,4,1
548,136,125,17,4,1
549,137,25,39,1,1
550,137,12.5,66,2,1
551,137,12.5,3,2,1
552,137,25,66,3,1
553,137,25,3,3,1
554,137,125,3,4,1
555,137,125,66,4,1
556,138,2.5,21,1,1
557,138,3.5,21,2,1
558,138,6,17,2,1
559,138,18.5,21,3,1
560,138,18.5,17,3,1
561,138,100,21,4,1
562,138,100,17,4,1
563,138,100,13,4,1
564,143,18.5,31,1,1
565,143,12.5,66,2,1
566,143,6,36,2,1
567,149,5,21,1,1
568,149,7.5,21,2,1
569,149,12.5,2,2,1
570,149,37.5,2,3,1
571,149,125,2,4,1
572,149,125,21,4,1
573,155,25,59,3,1
574,155,25,3,3,1
575,159,25,2,1,1
576,159,25,2,3,1
577,162,2.5,13,1,1
578,165,6,13,1,1
579,162,12.5,17,2,1
580,162,17.5,59,2,1
581,162,17.5,59,3,1
582,162,17.5,20,3,1
583,162,75,59,4,1
584,162,75,13,4,1
585,162,75,17,4,1
586,162,25,20,4,1
587,163,7.5,13,1,1
588,163,5,17,2,1
589,163,5,20,2,1
590,163,17.5,59,3,1
591,163,62.5,13,4,1
592,163,62.5,17,4,1
593,163,62.5,59,4,1
594,163,12.5,20,4,1
595,165,6,13,2,1
596,165,12.5,57,2,1
597,165,12.5,87,2,1
598,168,10.4,21,1,1
599,168,8.3,13,2,1
600,168,8.3,3,2,1
601,168,12.5,13,3,1
602,168,125,3,3,1
603,168,20.8,17,3,1
604,168,75,17,4,1
605,168,75,13,4,1
606,168,100,3,4,1
607,169,12.5,19,1,1
608,169,37.5,3,3,1
609,169,25,19,3,1
610,169,37.5,43,3,1
611,169,62.5,3,4,1
612,169,62.5,19,4,1
613,169,62.5,43,4,1
614,170,2.5,17,1,1
615,170,25,3,1,1
616,170,10,17,2,1
617,170,12.5,3,2,1
618,170,12.5,3,3,1
619,170,100,17,4,1
620,170,87.5,3,4,1
621,174,7.5,82,1,1
622,174,12.5,10,2,1
623,174,25,66,3,1
624,174,25,17,3,1
625,174,62.5,17,4,1
626,174,62.5,66,4,1
627,186,7.5,20,1,1
628,186,5,3,1,1
629,186,7.5,20,2,1
630,186,5,3,2,1
631,186,7.5,20,3,1
632,186,7.5,60,3,1
633,186,7.5,43,3,1
634,189,12.5,19,1,1
635,189,37.5,3,3,1
636,189,25,19,3,1
637,189,37.5,43,3,1
638,189,62.5,3,4,1
639,189,62.5,19,4,1
640,189,62.5,43,4,1
641,199,6.5,60,1,1
642,199,6.5,60,3,1
643,199,6.5,43,3,1
644,199,6.5,3,3,1
645,202,2.5,19,1,1
646,202,37.5,3,3,1
647,202,25,19,3,1
648,202,37.5,43,3,1
649,202,62.5,3,4,1
650,202,62.5,19,4,1
651,202,62.5,43,4,1
652,43,NULL,0,0,1
653,206,47,21,1,1
654,206,25,59,3,1
655,206,25,17,3,1
656,206,25,21,4,1
657,206,37.5,59,4,1
658,206,12.5,20,4,1
659,210,12.5,59,1,1
660,210,19,59,2,1
661,210,12.5,59,3,1
662,210,12.5,3,3,1
663,210,12.5,20,3,1
664,210,62.5,59,4,1
665,210,62.5,3,4,1
666,210,62.5,20,4,1
667,213,25,17,1,1
668,213,21.25,13,3,1
669,213,21.25,66,3,1
670,215,2.5,27,1,1
671,215,10,27,2,1
672,215,37.5,27,3,1
673,217,3.75,59,1,1
674,217,12.5,59,2,1
675,217,37.5,59,3,1
676,217,187.5,59,4,1
677,221,10,10,1,1
678,228,3.75,19,1,1
679,228,12.5,19,2,1
680,228,37.5,19,3,1
681,228,187.5,19,4,1
682,232,3.75,20,1,1
683,232,12.5,20,2,1
684,232,37.5,20,3,1
685,232,187.5,20,4,1
686,234,NULL,0,0,1
687,234,3.75,93,1,1
688,234,10,93,2,1
689,234,37.5,93,3,1
690,234,187.5,93,4,1
691,239,20,17,1,1
692,239,20,13,2,1
693,239,40,3,5,1
694,239,25,13,4,1
695,239,25,3,4,1
696,241,7,10,1,1
697,241,15,3,5,1
698,247,10,93,1,1
699,247,49,93,2,1
700,247,150,93,3,1
701,247,150,93,4,1
702,249,40,13,3,1
703,249,40,93,3,1
704,254,10,10,1,1
705,254,10,31,1,1
706,254,5,31,2,1
707,11,37.5,13,3,1
708,11,37.5,31,2,1
709,11,25,31,1,1
710,11,37.5,33,2,1
711,11,25,33,1,1
713,41,25,57,1,1
714,41,15,117,3,1
718,99,25,13,2,1
719,99,75,13,1,1
725,100,75,3,4,1
726,100,10,3,3,1
727,100,100,13,4,1
728,100,10,13,3,1
729,100,1.25,13,1,1
730,100,10,17,3,1
731,100,75,19,4,1
732,100,10,19,3,1
733,101,11.5,13,2,1
735,101,11.5,31,3,1
736,101,11.5,33,2,1
737,101,11.5,39,1,1
738,102,250,3,4,1
739,102,37.5,3,3,1
740,102,25,3,2,1
741,102,20,3,1,1
742,104,30,10,1,1
744,104,15,57,3,1
745,104,15,57,2,1
746,104,12.5,59,3,1
747,104,12.5,59,2,1
748,105,125,111,4,1
749,105,37.5,111,3,1
750,105,25,111,2,1
751,105,2.5,111,1,1
752,106,125,25,4,1
753,106,37.5,25,3,1
754,106,12.5,25,2,1
755,106,3.75,25,1,1
756,107,125,113,4,1
757,107,37.5,113,3,1
758,107,25,113,2,1
759,107,37.5,113,1,1
760,108,125,92,4,1
761,108,37.5,92,3,1
762,108,20,92,2,1
763,108,2.5,92,1,1
764,109,12.5,3,3,1
765,109,6.25,3,1,1
766,109,12.5,13,3,1
767,109,6.25,13,1,1
768,109,7.5,17,3,1
769,109,5,17,2,1
770,109,7.5,19,3,1
771,109,5,19,2,1
772,111,62.5,60,1,1
773,111,25,66,3,1
774,112,12.5,10,3,1
775,112,12.5,18,3,1
776,112,12.5,64,1,1
777,113,18.75,87,3,1
778,113,6.25,87,2,1
779,113,5,39,2,1
780,113,7.5,39,1,1
781,113,18.75,57,3,1
782,113,6.25,57,2,1
783,114,62.5,17,3,1
784,114,5,17,2,1
785,114,100,19,4,1
786,114,62.5,19,3,1
787,114,5,19,2,1
788,114,20,19,1,1
789,116,10,31,3,1
790,116,25,31,1,1
791,116,10,33,3,1
792,116,25,33,1,1
796,117,5,3,3,1
797,117,6,3,2,1
798,117,5,13,3,1
799,117,6,13,2,1
800,117,12.5,39,1,1
801,117,10,44,1,1
804,117,5,66,3,1
805,118,25,13,1,1
806,118,50,19,1,1
809,118,25,33,1,1
810,118,25,33,6,1
811,119,12.5,3,3,1
812,119,5,3,2,1
813,119,2.5,3,1,1
816,119,20,45,3,1
817,119,5,45,2,1
819,120,100,44,4,1
820,120,20,44,3,1
821,120,10,44,2,1
822,120,20,44,1,1
823,120,87.5,45,4,1
824,120,20,45,3,1
825,120,10,45,2,1
826,120,20,45,1,1
827,121,15,18,4,1
829,121,15,82,4,1
830,121,2.5,82,2,1
832,121,5.5,44,1,1
833,121,2.5,97,2,1
834,121,20,45,4,1
835,121,7,90,1,1
836,122,12.5,12,3,1
837,122,12.5,12,2,1
841,122,25,44,1,1
844,122,12.5,57,3,1
845,122,12.5,57,2,1
846,123,12.5,91,3,1
847,123,12.5,91,2,1
848,123,25,91,1,1
852,123,25,97,3,1
853,123,25,97,2,1
854,125,10,31,1,1
855,125,75,57,1,1
857,126,187.5,43,4,1
858,126,37.5,43,3,1
859,126,37.5,43,2,1
860,126,12.5,43,1,1
861,127,125,13,4,1
862,127,25,13,3,1
863,127,25,13,2,1
864,127,125,19,4,1
865,127,25,19,3,1
866,127,25,19,2,1
867,127,50,19,1,1
868,127,125,20,4,1
869,127,25,20,3,1
870,127,25,20,2,1
874,128,25,39,1,1
875,133,17.5,3,3,1
876,133,10,3,2,1
877,133,5,3,1,1
878,133,17.5,17,3,1
879,133,10,17,2,1
880,133,5,17,1,1
881,134,250,64,4,1
882,134,37.5,64,3,1
883,134,25,64,2,1
884,134,2.5,64,1,1
885,139,125,3,4,1
886,139,37.5,3,3,1
887,139,25,3,1,1
891,139,37.5,59,3,1
892,139,25,59,1,1
894,140,36,82,1,1
896,140,37.5,66,3,1
897,141,62.5,2,4,1
898,141,18.5,2,3,1
899,141,18.5,2,2,1
900,141,25,39,1,1
901,141,62.5,43,4,1
902,141,12.5,43,3,1
903,141,12.5,43,2,1
904,141,62.5,59,4,1
905,141,18.5,59,2,1
907,142,187.5,17,4,1
908,142,112.5,20,4,1
909,142,37.5,20,3,1
910,142,37.5,20,2,1
911,142,4,20,1,1
913,142,200,43,4,1
917,144,12.5,33,2,1
919,144,12.5,57,2,1
920,144,15,92,1,1
921,145,250,22,4,1
922,145,37.5,22,3,1
923,145,25,22,2,1
924,145,15,22,1,1
925,146,250,93,4,1
926,146,37.5,93,3,1
927,146,25,93,2,1
928,146,2.5,93,1,1
929,147,250,114,4,1
930,147,37.5,114,3,1
931,147,25,114,2,1
932,147,37.5,114,1,1
933,148,12.5,64,1,1
934,149,50,3,4,1
935,149,37.5,17,4,1
936,149,12.5,17,3,1
937,149,12.5,17,2,1
938,149,62.5,20,4,1
939,149,16.5,114,3,1
941,149,87.5,59,4,1
942,149,12.5,64,4,1
943,150,125,3,4,1
944,150,25,3,3,1
947,150,125,44,4,1
948,150,12.5,44,3,1
949,150,50,44,1,1
950,151,57.5,3,4,1
951,151,19,3,3,1
952,151,19,3,2,1
954,151,57.5,17,4,1
955,151,19,36,1,1
957,151,28.5,44,3,1
958,151,19,44,2,1
959,151,9.5,44,1,1
961,151,57.5,59,4,1
962,152,25,13,1,1
963,152,50,19,1,1
966,152,25,33,3,1
967,152,25,33,2,1
968,153,12.5,91,1,1
969,153,62.5,17,4,1
970,153,12.5,17,3,1
971,153,12.5,18,1,1
972,153,62.5,20,4,1
973,153,12.5,20,3,1
974,153,25,22,4,1
975,153,12.5,22,2,1
976,153,37.5,112,4,1
977,153,12.5,112,2,1
979,153,62.5,59,4,1
980,153,12.5,59,3,1
982,154,12.5,44,3,1
983,154,12.5,44,2,1
984,154,5,44,1,1
985,155,25,3,3,1
990,155,25,59,3,1
991,156,200,17,4,1
992,156,25,17,2,1
993,156,75,17,1,1
994,156,150,20,4,1
995,156,25,20,3,1
996,156,200,59,4,1
997,156,25,59,3,1
998,156,25,59,2,1
999,157,12.5,36,2,1
1000,157,75,74,4,1
1001,157,37.5,52,4,1
1002,157,37.5,52,3,1
1003,157,12.5,57,1,1
1004,158,19,82,2,1
1005,158,11.5,36,2,1
1006,158,7.5,36,1,1
1008,160,77,17,3,1
1009,160,19,17,2,1
1010,160,38.5,17,1,1
1011,161,100,13,4,1
1012,161,25,13,3,1
1013,161,12.5,13,2,1
1014,161,87.5,17,4,1
1015,161,25,17,1,1
1016,161,112.5,20,4,1
1017,161,12.5,20,3,1
1018,161,12.5,20,2,1
1019,161,87.5,59,4,1
1020,161,25,59,3,1
1021,164,5,21,1,1
1022,164,12.5,87,1,1
1023,164,12.5,57,3,1
1026,166,20,21,1,1
1028,166,50,66,3,1
1029,167,137.5,3,4,1
1030,167,18.5,3,3,1
1031,167,6,3,2,1
1032,167,12.5,3,1,1
1033,167,87.5,13,4,1
1034,167,12.5,13,3,1
1035,167,12.5,13,2,1
1036,167,12.5,13,1,1
1037,167,100,20,4,1
1038,167,12.5,20,3,1
1039,167,6,20,2,1
1040,167,6,20,1,1
1043,171,31.25,31,3,1
1045,171,62.5,39,1,1
1046,171,31.25,66,3,1
1050,172,12.5,82,1,1
1052,173,100,3,4,1
1053,173,37.5,3,3,1
1054,173,100,17,4,1
1055,173,37.5,17,3,1
1056,173,100,20,4,1
1057,173,37.5,20,3,1
1058,173,10,21,1,1
1059,175,17.5,3,3,1
1060,175,17.5,3,2,1
1061,175,17.5,3,1,1
1062,175,17.5,20,3,1
1063,175,17.5,20,2,1
1064,175,17.5,20,1,1
1066,175,22.5,45,3,1
1067,175,17.5,59,3,1
1068,175,17.5,59,2,1
1069,175,17.5,59,1,1
1070,176,5,31,3,1
1071,176,10,31,1,1
1072,176,10,82,3,1
1073,176,10,82,1,1
1074,176,5,44,3,1
1075,176,10,44,1,1
1076,177,70,10,4,1
1077,177,75,10,3,1
1078,177,75,10,2,1
1079,177,75,17,3,1
1080,177,25,17,2,1
1081,177,25,17,1,1
1083,177,75,21,3,1
1084,177,25,21,2,1
1085,177,25,21,1,1
1086,177,70,45,4,1
1087,177,75,45,3,1
1088,177,75,45,2,1
1089,177,70,59,4,1
1090,178,41.5,19,3,1
1091,178,41.5,19,2,1
1092,178,13.5,19,1,1
1093,179,41.5,70,3,1
1094,179,41.5,70,2,1
1095,179,2.5,70,1,1
1096,180,41.5,42,3,1
1097,180,41.5,42,2,1
1098,180,41.5,42,1,1
1099,181,41.5,55,3,1
1100,181,41.5,55,2,1
1101,181,41.5,55,1,1
1102,182,62.5,3,4,1
1103,182,25,3,3,1
1104,182,12.5,3,2,1
1105,182,62.5,20,4,1
1106,182,25,20,3,1
1107,182,25,21,1,1
1108,182,62.5,43,4,1
1109,182,25,43,3,1
1110,182,62.5,59,4,1
1111,182,25,59,3,1
1112,182,12.5,59,2,1
1113,183,7.5,2,3,1
1114,183,7.5,2,2,1
1115,183,7.5,2,1,1
1116,183,5,19,3,1
1117,183,5,19,2,1
1120,183,6,45,3,1
1121,183,12.5,59,3,1
1122,184,10,70,4,1
1123,184,17.5,70,3,1
1124,184,17.5,70,2,1
1125,184,17.5,70,1,1
1126,184,10,82,4,1
1127,184,17.5,82,3,1
1128,184,17.5,82,2,1
1129,184,17.5,82,1,1
1131,184,10,59,4,1
1132,184,17.5,60,3,1
1133,184,17.5,60,2,1
1134,184,17.5,60,1,1
1136,185,1.5,60,4,1
1137,185,10,60,3,1
1138,185,10,60,2,1
1139,185,15,60,1,1
1140,187,1.5,3,4,1
1141,187,5,3,3,1
1142,187,8.5,3,1,1
1143,187,1.5,20,4,1
1144,187,5,20,3,1
1145,187,8.5,20,1,1
1146,187,1.5,59,4,1
1147,187,5,59,3,1
1148,187,8.5,59,1,1
1149,188,3.5,20,1,1
1150,188,1.5,60,1,1
1151,190,38.5,17,4,1
1152,190,19,17,3,1
1153,190,19,17,2,1
1154,190,38.5,21,1,1
1155,190,19,72,1,1
1157,190,38.5,59,4,1
1158,190,19,59,3,1
1159,190,19,59,2,1
1161,190,38.5,66,4,1
1162,190,19,66,3,1
1164,191,50,19,1,1
1166,191,25,33,3,1
1167,191,25,33,2,1
1170,191,25,66,3,1
1171,192,12.5,10,2,1
1172,192,12.5,10,1,1
1174,192,25,60,3,1
1175,192,12.5,60,2,1
1176,192,25,66,3,1
1177,193,25,42,3,1
1178,193,7.5,42,1,1
1179,193,25,116,3,1
1180,193,7.5,116,1,1
1182,194,50,10,4,1
1183,194,12.5,10,3,1
1184,194,50,17,4,1
1185,194,12.5,17,2,1
1186,194,6,18,1,1
1187,194,50,20,4,1
1188,194,12.5,20,3,1
1189,194,10,20,2,1
1190,194,2.5,20,1,1
1193,194,50,43,4,1
1194,194,12.5,43,3,1
1195,194,12.5,45,4,1
1197,194,12.5,59,4,1
1201,195,50,10,4,1
1202,195,12.5,10,3,1
1203,195,50,17,4,1
1204,195,12.5,17,2,1
1205,195,6,18,1,1
1206,195,50,20,4,1
1207,195,12.5,20,3,1
1208,195,10,20,2,1
1209,195,2.5,20,1,1
1211,195,50,43,4,1
1212,195,12.5,43,3,1
1213,195,12.5,45,4,1
1215,195,12.5,59,4,1
1218,196,15,3,3,1
1219,196,7.5,3,1,1
1221,196,15,60,3,1
1222,196,7.5,60,1,1
1223,197,25,87,3,1
1224,197,25,39,1,1
1228,198,12.5,31,2,1
1231,198,2.5,39,1,1
1235,198,12.5,66,2,1
1237,200,25,20,3,1
1238,200,12.5,20,2,1
1239,200,12.5,20,1,1
1242,201,7.5,3,3,1
1243,201,5,3,1,1
1244,201,7.5,20,3,1
1245,201,5,20,1,1
1247,203,50,13,4,1
1248,203,12.5,13,2,1
1249,203,50,149,3,1
1250,203,50,43,4,1
1251,203,2.5,43,1,1
1252,204,12.5,3,3,1
1253,204,12.5,3,2,1
1254,204,10,39,1,1
1255,204,12.5,59,3,1
1256,204,12.5,59,2,1
1257,205,63,3,4,1
1258,205,25,3,3,1
1259,205,2.5,19,1,1
1260,205,63,20,4,1
1261,205,25,20,3,1
1262,205,12.5,43,3,1
1263,205,63,59,4,1
1264,205,12.5,59,3,1
1265,207,37.5,19,3,1
1266,207,100,19,10,1
1267,207,25,19,2,1
1268,207,18.75,20,3,1
1269,207,75,20,10,1
1270,207,6.25,20,2,1
1271,207,12.5,39,1,1
1272,208,10,10,2,1
1275,211,50,3,4,1
1276,211,12.5,3,3,1
1277,211,12.5,3,2,1
1279,211,50,20,4,1
1280,211,25,20,3,1
1282,211,2.5,39,1,1
1283,211,25,43,3,1
1284,211,50,59,4,1
1285,211,12.5,59,3,1
1286,211,12.5,59,2,1
1287,212,10,10,2,1
1288,212,50,66,2,1
1290,216,12.5,39,1,1
1291,216,6.3,60,2,1
1293,218,11,20,2,1
1294,218,100,3,2,1
1295,218,36,39,1,1
1297,219,100,3,4,1
1298,219,50,17,3,1
1299,219,18.75,17,2,1
1300,219,25,17,1,1
1301,219,100,20,4,1
1302,219,25,21,3,1
1303,219,18.75,21,2,1
1305,219,100,59,4,1
1306,220,4,39,1,1
1307,220,10,53,3,1
1308,220,20,53,2,1
1309,222,25,19,1,1
1315,222,50,60,1,1
1316,223,12.5,10,2,1
1317,223,12.5,10,1,1
1319,223,25,60,3,1
1320,223,12.5,60,2,1
1321,223,25,66,3,1
1323,224,10.2,39,1,1
1324,225,37.5,19,3,1
1325,225,100,19,10,1
1326,225,25,19,2,1
1327,225,18.75,20,3,1
1328,225,75,20,10,1
1329,225,6.25,20,2,1
1330,225,12.5,39,1,1
1331,226,5,39,1,1
1332,226,12.5,53,3,1
1333,226,25,53,2,1
1334,227,20,21,2,1
1335,227,60,21,1,1
1336,227,20,31,3,1
1337,227,20,57,3,1
1338,229,50,3,4,1
1339,229,25,3,3,1
1340,229,50,20,4,1
1341,229,25,20,3,1
1342,229,10,21,1,1
1343,229,50,43,4,1
1344,229,25,43,3,1
1346,229,50,59,4,1
1347,229,25,59,3,1
1349,230,13,17,2,1
1350,230,25,17,1,1
1351,230,25,20,3,1
1352,230,13,21,2,1
1356,230,38,43,3,1
1357,231,100,3,4,1
1358,231,50,17,3,1
1359,231,18.75,17,2,1
1360,231,25,17,1,1
1361,231,100,20,4,1
1363,231,25,21,3,1
1364,231,18.75,21,2,1
1365,231,100,59,4,1
1366,233,100,3,4,1
1367,233,50,17,3,1
1368,233,18.75,17,2,1
1369,233,25,17,1,1
1371,233,100,20,4,1
1373,233,25,21,3,1
1374,233,18.75,21,2,1
1376,233,100,59,4,1
1377,235,100,3,4,1
1378,235,50,17,3,1
1379,235,18.75,17,2,1
1380,235,25,17,1,1
1381,235,100,20,4,1
1383,235,25,21,3,1
1384,235,18.75,21,2,1
1385,235,100,59,4,1
1386,236,20,19,1,1
1387,236,20,39,1,1
1388,237,10,53,2,1
1389,237,10,53,1,1
1390,238,5,17,9,1
1391,238,2,20,5,1
1393,238,1,17,6,1
1394,238,1,21,6,1
1397,238,3,43,5,1
1400,240,6,53,6,1
1401,241,15,3,5,1
1402,241,7,10,6,1
1405,242,30,10,4,1
1406,242,6,10,3,1
1407,242,6,10,2,1
1408,242,6,17,3,1
1409,242,5,17,2,1
1410,242,8,17,1,1
1411,242,60,20,4,1
1412,242,6,21,3,1
1413,242,5,21,2,1
1414,242,8,21,1,1
1415,242,30,27,4,1
1416,242,5,27,3,1
1417,242,5,27,2,1
1419,243,100,13,3,1
1420,243,10,13,11,1
1421,243,15,13,2,1
1422,243,30,13,1,1
1423,243,100,45,3,1
1424,243,10,45,11,1
1425,243,15,45,2,1
1426,243,15,45,1,1
1427,244,6,10,1,1
1432,245,40,10,2,1
1433,245,40,82,1,1
1435,246,0.67,4,4,1
1436,246,26.67,4,1,1
1437,246,13.33,17,3,1
1438,246,13.33,17,2,1
1439,246,1.33,59,4,1
1440,246,13.33,59,3,1
1442,248,30,82,1,1
1447,250,100,3,4,1
1448,250,50,17,3,1
1449,250,18.75,17,2,1
1450,250,25,17,1,1
1451,250,100,20,4,1
1453,250,25,21,3,1
1454,250,18.75,21,2,1
1455,250,100,59,4,1
1456,251,15,17,6,1
1457,251,40,17,3,1
1458,251,50,17,5,1
1459,251,10,20,4,1
1460,251,15,21,6,1
1461,251,10,21,4,1
1462,251,25,21,5,1
1464,252,22,60,3,1
1465,252,22,60,1,1
1466,253,5,39,1,1
1467,253,10,115,3,1
1468,253,10,115,1,1
1469,255,20,42,3,1
1470,255,7,36,1,1
1471,255,5,53,1,1
1472,256,40,42,2,1
1473,256,20,42,1,1
1478,257,30,3,3,1
1479,257,50,3,10,1
1480,257,20,19,3,1
1481,257,50,20,10,1
1482,257,50,43,10,1
1483,257,30,59,3,1
1484,257,50,59,10,1
1485,257,1,19,2,1
1488,258,10,39,1,1
1490,259,20,21,2,1
1491,259,60,21,1,1
1492,259,20,31,3,1
1493,259,20,57,3,1
1494,260,10,31,1,1
1495,260,7,36,3,1
1496,260,20,36,1,1
1497,260,2,39,1,1
1499,261,83,20,10,1
1500,261,83,43,10,1
1501,261,33,43,5,1
1505,262,37.5,39,1,1
1507,263,30,3,3,1
1508,263,50,3,10,1
1509,263,20,19,3,1
1510,263,50,20,10,1
1511,263,50,43,10,1
1512,263,30,59,3,1
1513,263,50,59,10,1
1514,263,1,19,2,1
1622,264,10,59,1,1
1623,264,50,59,12,1
1624,264,150,59,4,1
